{
    "v": -87.43994291193457,
    "CaMKt": 0.014759715295761599,
    "m": 0.005885854996419825,
    "hf": 0.8080301390253065,
    "hs": 0.8080297934879245,
    "j": 0.8079891339725805,
    "hsp": 0.6083480256988824,
    "jp": 0.8079600263963184,
    "mL": 0.0002094748835067489,
    "hL": 0.47410159897789,
    "hLp": 0.23566582552480062,
    "a": 0.0010397504168453444,
    "iF": 0.9995081344377552,
    "iS": 0.5330860597608619,
    "ap": 0.0005297909564032295,
    "iFp": 0.9995081390238857,
    "iSp": 0.5778799612747084,
    "d": 2.6734158547079845e-09,
    "ff": 0.9999999893774701,
    "fs": 0.8615491671232168,
    "fcaf": 0.999999989377514,
    "fcas": 0.9994458297305773,
    "jca": 0.9999295278598165,
    "ffp": 0.9999999893754813,
    "fcafp": 0.9999999893756092,
    "nca": 0.02652202832787685,
    "xrf": 9.427491085431092e-06,
    "xrs": 0.5088795166890615,
    "xs1": 0.35050896770251816,
    "xs2": 0.00020534075778404006,
    "xk1": 0.9969040000232682,
    "Jrelnp": 2.6145710400682518e-08,
    "Jrelp": 3.2649439460373366e-08,
    "nai": 7.784629303339012,
    "nass": 7.784745766519926,
    "ki": 144.01323630607587,
    "kss": 144.01323781387268,
    "cass": 0.0001557131953402724,
    "cansr": 1.062933291014453,
    "cajsr": 1.0272034370881702,
    "XS": 0.0012757621347619875,
    "XW": 0.0017891932243157085,
    "CaTrpn": 0.03765422241844997,
    "TmB": 0.9951542272271329,
    "Cd": 7.772046186882793e-16,
    "cai": 0.00015896860191865178
}