{
    "v": -87.71153682616035,
    "CaMKt": 0.018134600033074415,
    "m": 0.0056777392442645585,
    "hf": 0.8147109626283071,
    "hs": 0.8147116476515543,
    "j": 0.8146689889261155,
    "hsp": 0.6186978959340772,
    "jp": 0.814639762082781,
    "mL": 0.00019894450887038558,
    "hL": 0.4868657523328507,
    "hLp": 0.25010870364864624,
    "a": 0.0010208855966982518,
    "iF": 0.9995309644737536,
    "iS": 0.5546417457026863,
    "ap": 0.000520173821002776,
    "iFp": 0.99953096956449,
    "iSp": 0.6019094975806704,
    "d": 2.5071387632784612e-09,
    "ff": 0.9999999901299609,
    "fs": 0.8765230818303569,
    "fcaf": 0.999999990130007,
    "fcas": 0.9996004777070565,
    "jca": 0.999951528818774,
    "ffp": 0.9999999901279539,
    "fcafp": 0.9999999901280747,
    "nca": 0.027137109592277102,
    "xrf": 8.638135236307237e-06,
    "xrs": 0.48721898822787724,
    "xs1": 0.3262440053453131,
    "xs2": 0.00019919462065635048,
    "xk1": 0.9968350332725526,
    "Jrelnp": 5.390459667082773e-08,
    "Jrelp": 6.731369058987407e-08,
    "nai": 7.278080030791646,
    "nass": 7.278215442367537,
    "ki": 144.4990255126822,
    "kss": 144.49900951306282,
    "cass": 0.00015670864501917095,
    "cansr": 1.1522606891120766,
    "cajsr": 1.114318781646474,
    "XS": 0.0013112434852220176,
    "XW": 0.0018452585723927812,
    "CaTrpn": 0.03815695701238818,
    "TmB": 0.9950060677448853,
    "Cd": 7.772046186882793e-16,
    "cai": 0.0001600955596522434
}