{
    "v": -87.06449492036363,
    "CaMKt": 0.04594243805663852,
    "m": 0.006186135247324709,
    "hf": 0.7984920196568467,
    "hs": 0.7984475859253838,
    "j": 0.7982639840858574,
    "hsp": 0.5937218794983867,
    "jp": 0.7981420166280132,
    "mL": 0.000224957914835084,
    "hL": 0.4560295890587564,
    "hLp": 0.21776801739657378,
    "a": 0.0010664278365553333,
    "iF": 0.9994745249669262,
    "iS": 0.5209916864411759,
    "ap": 0.0005433911970768706,
    "iFp": 0.9994745477660191,
    "iSp": 0.561984039506618,
    "d": 2.921780504690053e-09,
    "ff": 0.9999999882346949,
    "fs": 0.8613001578514915,
    "fcaf": 0.9999999882349349,
    "fcas": 0.9994466105196373,
    "jca": 0.9999305161095446,
    "ffp": 0.9999999882248822,
    "fcafp": 0.9999999882255148,
    "nca": 0.06525384926841404,
    "xrf": 1.0755217851254126e-05,
    "xrs": 0.5274513297462489,
    "xs1": 0.3493068740809914,
    "xs2": 0.00021431244108929134,
    "xk1": 0.9969977895513138,
    "Jrelnp": 5.142909789284794e-07,
    "Jrelp": 6.422269573518285e-07,
    "nai": 7.9188289937678205,
    "nass": 7.918967121766878,
    "ki": 143.78113722587753,
    "kss": 143.78113943367475,
    "cass": 0.00020112571125135737,
    "cansr": 1.5234330606195476,
    "cajsr": 1.4550555104963883,
    "XS": 0.004289228117717201,
    "XW": 0.005645090066076794,
    "CaTrpn": 0.060573991712006,
    "TmB": 0.9844716871171183,
    "Cd": 7.772046186882793e-16,
    "cai": 0.0002037636168178051
}