{
    "v": -87.4254134471872,
    "CaMKt": 0.01897771515729619,
    "m": 0.005897179037913774,
    "hf": 0.807669595565694,
    "hs": 0.8076674995758736,
    "j": 0.8076348534413872,
    "hsp": 0.6077952458038066,
    "jp": 0.807609063140596,
    "mL": 0.00021005261375784843,
    "hL": 0.4789511497280423,
    "hLp": 0.24660587606414064,
    "a": 0.0010407608822639678,
    "iF": 0.9995068836681568,
    "iS": 0.569027324060021,
    "ap": 0.0005303060886706469,
    "iFp": 0.9995068879643275,
    "iSp": 0.616311131475281,
    "d": 2.6825356170500196e-09,
    "ff": 0.9999999893356801,
    "fs": 0.8933374975691811,
    "fcaf": 0.9999999893357217,
    "fcas": 0.9997281682520583,
    "jca": 0.999967099761023,
    "ffp": 0.9999999893340611,
    "fcafp": 0.9999999893341569,
    "nca": 0.0035721690448081832,
    "xrf": 8.902036307713364e-06,
    "xrs": 0.4787103999432796,
    "xs1": 0.299273577313017,
    "xs2": 0.00020566833589123838,
    "xk1": 0.9969076275006447,
    "Jrelnp": 6.418739309253384e-07,
    "Jrelp": 8.021815786209851e-07,
    "nai": 7.687163859495317,
    "nass": 7.687223952825597,
    "ki": 143.9572117219453,
    "kss": 143.95720794219645,
    "cass": 9.097527362256383e-05,
    "cansr": 1.8728430509366771,
    "cajsr": 1.8333694906279565,
    "XS": 0.00017582144720435704,
    "XW": 0.00025611626753652464,
    "CaTrpn": 0.013072122258871152,
    "TmB": 0.999312225962503,
    "Cd": 7.772046186882793e-16,
    "cai": 9.257927296985201e-05
}