{
    "v": -87.61208190737999,
    "CaMKt": 0.010244535427749777,
    "m": 0.005753072577189298,
    "hf": 0.8122860884266369,
    "hs": 0.812286740608227,
    "j": 0.8122847577343082,
    "hsp": 0.6149454093730731,
    "jp": 0.8122826304320949,
    "mL": 0.00020273707195101704,
    "hL": 0.488387152208362,
    "hLp": 0.25843717079132317,
    "a": 0.001027759582062932,
    "iF": 0.9995227443801101,
    "iS": 0.5783166348698998,
    "ap": 0.0005236781034867404,
    "iFp": 0.9995227445919093,
    "iSp": 0.6285029279764052,
    "d": 2.5668379127012983e-09,
    "ff": 0.9999999898612557,
    "fs": 0.8990327679618563,
    "fcaf": 0.9999999898612576,
    "fcas": 0.999757597987567,
    "jca": 0.9999707699188207,
    "ffp": 0.9999999898611609,
    "fcafp": 0.9999999898611652,
    "nca": 0.0016508111610303796,
    "xrf": 8.583298994152405e-06,
    "xrs": 0.46535180319189334,
    "xs1": 0.28783291479363565,
    "xs2": 0.0002013914063557236,
    "xk1": 0.9968603146734241,
    "Jrelnp": 1.6416628788928917e-07,
    "Jrelp": 2.0510885068575713e-07,
    "nai": 7.5493158471881685,
    "nass": 7.5493657733514885,
    "ki": 144.1746479271949,
    "kss": 144.17464410450563,
    "cass": 7.438491304808318e-05,
    "cansr": 1.4660189027247914,
    "cajsr": 1.4378966756100648,
    "XS": 0.0001069372147823245,
    "XW": 0.00015943093158281757,
    "CaTrpn": 0.008817603284492954,
    "TmB": 0.9995742096552626,
    "Cd": 7.772046186882793e-16,
    "cai": 7.592619905799516e-05
}